000.1017;-12.7633;PHL 2525         ;00 00 24.4;-12 45 48; 0.200;15.49;     ;-24.3
001.1487;-47.6050;PKS 0002-478     ;00 04 35.7;-47 36 18; 0.880;15.88;     ;-26.7
001.6525;+43.7081;RXS J00066+4342  ;00 06 36.6;+43 42 29; 0.166;14.62; 0.23;-24.5
004.9158;+26.0478;4C 25.01         ;00 19 39.8;+26 02 52; 0.284;15.90;     ;-24.8
006.0392;+25.4189;A 0021+25        ;00 24 09.4;+25 25 08; 0.067;15.06;     ;-22.3
006.2850;-20.4597;Q 0022-2044      ;00 25 08.4;-20 27 35; 0.170;15.60;     ;-23.8
007.0446;+31.0628;RXS J00281+3103  ;00 28 10.7;+31 03 46; 0.500;15.22; 0.25;-26.4
007.3075;+13.2681;PG 0026+12       ;00 29 13.8;+13 16 05; 0.145;15.41; 0.29;-23.3
007.4413; +5.9111;PKS 0027+056     ;00 29 45.9;+05 54 40; 1.317;15.92;     ;-28.2
007.6675;-13.3581;NPM1G-13.0021    ;00 30 40.2;-13 21 29; 0.076;14.56;     ;-23.0
008.1525; -9.1736;SNU J00326-0910  ;00 32 36.6;-09 10 25; 0.092;15.28; 0.16;-22.6
008.5067;-33.9061;RXS J00340-3354  ;00 34 01.6;-33 54 22; 0.118;15.04;     ;-23.5
008.6925;-81.6664;IRAS 00333-8156  ;00 34 46.2;-81 39 59; 0.127;15.20;     ;-23.7
009.5350;-25.0869;HE 0035-2521     ;00 38 08.4;-25 05 13; 0.542;15.90;     ;-26.1
009.7392;+48.3372;NGC  185         ;00 38 57.4;+48 20 14; 0.000;14.84; 0.87;
010.1587;-50.9656;PKS 0038-512     ;00 40 38.1;-50 57 56; 0.608;15.80;     ;-26.6
010.3279;+28.2778;2MASS J00413+2816;00 41 18.7;+28 16 40; 0.194;15.90;     ;-23.8
010.3837;-22.6439;NPM1G-22.0017    ;00 41 32.1;-22 38 38; 0.063;13.24;     ;-23.9
010.6846;+41.2694;M 31             ;00 42 44.3;+41 16 10; 0.000;10.57; 1.08;
010.8533;-16.9328;RXS J00434-1655  ;00 43 24.8;-16 55 58; 0.331;15.60;     ;-25.5
011.4467; +4.1733;PG 0043+039      ;00 45 47.2;+04 10 24; 0.385;16.00;     ;-25.3
011.4504;-29.1158;Q 0043-2923      ;00 45 48.1;-29 06 57; 0.900;14.90;     ;-28.6
012.0008;-20.1697;KUV 00455-2027   ;00 48 00.2;-20 10 11; 1.370;16.00;     ;-28.3
012.7112;+35.6119;RXS J00508+3536  ;00 50 50.7;+35 36 43; 0.058;14.60;     ;-22.4
012.8233;-14.7975;NPM1G-15.0040    ;00 51 17.6;-14 47 51; 0.091;14.65;     ;-23.3
013.3954;+12.6933;I Zw   1         ;00 53 34.9;+12 41 36; 0.061;14.03; 0.38;-22.7
013.4425;+22.5394;RXS J00537+2232  ;00 53 46.2;+22 32 22; 0.148;15.80;     ;-23.3
013.7175;+25.4275;PG 0052+251      ;00 54 52.2;+25 25 39; 0.155;15.43;     ;-23.8
014.0325;+25.8006;RXS J00561+2548  ;00 56 07.8;+25 48 02; 0.150;14.90;     ;-24.2
014.2296;-75.2311;RXS J00569-7513  ;00 56 55.1;-75 13 52; 0.074;15.04;     ;-22.5
014.3342;-22.3822;TON S180         ;00 57 20.2;-22 22 56; 0.062;14.41; 0.19;-22.5
014.6558;-36.1014;Q 0056-363       ;00 58 37.4;-36 06 05; 0.165;15.20; 0.30;-23.8
015.8904;-64.6519;PKS 0101-649     ;01 03 33.7;-64 39 07; 0.163;14.92;     ;-23.8
017.6463;-16.8083;RXS J01105-1648  ;01 10 35.1;-16 48 30; 0.780;15.60;     ;-27.3
018.7408;-42.4133;RXS J01149-4224  ;01 14 57.8;-42 24 48; 0.124;15.00;     ;-23.8
019.4404;+36.6208;RXS J01177+3637  ;01 17 45.7;+36 37 15; 0.106;15.67;     ;-22.7
019.9833;-20.1731;RXS J01199-2010  ;01 19 56.0;-20 10 23; 0.810;15.76;     ;-27.3
020.0721;+21.5631;PG 0117+213      ;01 20 17.3;+21 33 47; 1.500;15.80;     ;-28.7
020.4650;-28.3492;TON S210         ;01 21 51.6;-28 20 57; 0.117;15.19; 0.19;-23.2
020.9408;-58.8058;F   9            ;01 23 45.8;-58 48 21; 0.046;13.83; 0.43;-22.2
021.2012;-11.9692;NPM1G-12.0057    ;01 24 48.3;-11 58 09; 0.068;14.93;     ;-22.4
021.9592;-26.8447;RXS J01278-2650  ;01 27 50.2;-26 50 41; 0.109;14.92;     ;-23.5
022.1033;-30.4950;HE 0126-3045     ;01 28 24.8;-30 29 42; 0.475;15.90;     ;-26.0
022.2946;-21.6992;IRAS 01267-2157  ;01 29 10.7;-21 41 57; 0.093;14.52;     ;-23.5
022.7729;-21.5794;Q 0128-2150      ;01 31 05.5;-21 34 46; 1.900;15.57;     ;-29.3
023.4908;-36.4933;NGC  612         ;01 33 57.8;-36 29 36; 0.030;13.20;     ;-22.3
023.8342;-29.3992;RXS J01353-2923  ;01 35 20.2;-29 23 57; 0.699;15.70;     ;-27.0
024.4771;-55.9878;MS 01360-5614    ;01 37 54.5;-55 59 16; 0.086;15.50;     ;-22.4
026.7904;-19.7456;PHL 1155         ;01 47 09.7;-19 44 44; 0.500;16.00;     ;-25.8
027.0925;-27.9731;RXS J01483-2758  ;01 48 22.2;-27 58 23; 0.121;15.54;     ;-23.1
027.6362;+36.1572;IRAS 01475+3554  ;01 50 32.7;+36 09 26; 0.080;15.30;     ;-22.4
028.6675;-27.1167;PHL 3953         ;01 54 40.2;-27 07 00; 0.151;15.11;     ;-24.0
028.7621; -5.1428;RXS J01550-0508  ;01 55 02.9;-05 08 34; 0.129;15.10;     ;-23.7
028.8050;-45.1033;HE 0153-4520     ;01 55 13.2;-45 06 12; 0.451;15.20;     ;-26.5
029.2708;+41.3417;87GB 01540+4105  ;01 57 05.0;+41 20 30; 0.081;13.80;     ;-23.9
029.9592; +0.3947;MARK 1014        ;01 59 50.2;+00 23 41; 0.163;15.87; 0.21;-23.2
030.1554;-16.8189;RXS J02006-1649  ;02 00 37.3;-16 49 08; 0.201;15.80;     ;-24.1
030.7742; -3.8403;KISSR 2166       ;02 03 05.8;-03 50 25; 0.352;15.67; 0.90;-24.5
031.0217;+40.0842;RX J02040+4005   ;02 04 05.2;+40 05 03; 0.072;12.13;     ;-24.7
031.4604;-42.1125;HE 0203-4221     ;02 05 50.5;-42 06 45; 0.320;16.00;     ;-25.0
031.9575; +2.7153;MARK  586        ;02 07 49.8;+02 42 55; 0.155;15.41; 0.26;-23.5
033.1333;-27.9178;HE 0210-2809     ;02 12 32.0;-27 55 04; 0.608;15.70;     ;-26.7
033.6679;+11.5336;H 0211+1118      ;02 14 40.3;+11 32 01; 2.000;16.00;     ;-29.0
033.9100;-15.1700;2MASS J02156-1510;02 15 38.4;-15 10 12; 0.211;15.73;     ;-24.3
034.2408; -3.4164;SWIRE J02169-0324;02 16 57.8;-03 24 59; 0.137;15.48;     ;-23.4
035.2242; +9.7597;H 0218+0931      ;02 20 53.8;+09 45 35; 2.000;16.00;     ;-29.0
035.5033;-16.2547;PKS 0219-164     ;02 22 00.8;-16 15 17; 0.698;15.00; 0.38;-27.2
037.0633;-40.9544;RXS J02282-4057  ;02 28 15.2;-40 57 16; 0.494;14.30;     ;-27.6
037.1633;-10.1861;Q 0226-1024      ;02 28 39.2;-10 11 10; 2.276;15.16;     ;-29.5
038.6429;-52.0653;RXS J02345-5203  ;02 34 34.3;-52 03 55; 0.137;14.79;     ;-24.1
039.6621;+16.6167;AO 0235+164      ;02 38 38.9;+16 37 00; 0.940;15.50; 0.96;-27.0
039.8454; -0.0222;RXS J02393-0001  ;02 39 22.9;-00 01 20; 0.261;15.48; 0.30;-24.6
040.1358;-18.8642;HE 0238-1904     ;02 40 32.6;-18 51 51; 0.631;15.00;     ;-27.5
041.2400;+62.4683;4U 0241+61       ;02 44 57.6;+62 28 06; 0.044;12.19;-0.04;-24.2
041.3537;-11.1211;NVSS J02454-1107 ;02 45 24.9;-11 07 16; 0.099;15.40;     ;-22.2
042.0258;-40.8097;HE 0246-4101     ;02 48 06.2;-40 48 35; 0.883;14.70;     ;-28.7
042.4942;-55.0556;Q J02499-5503    ;02 49 58.6;-55 03 20; 0.230;15.40;     ;-24.7
043.5292;-41.6253;RXS J02541-4137  ;02 54 07.0;-41 37 31; 0.146;14.76;     ;-24.3
047.0979;-32.8358;HE 0306-3301     ;03 08 23.5;-32 50 09; 0.247;15.80;     ;-24.6
048.1287;-51.3447;ESO 199-IG23     ;03 12 30.9;-51 20 41; 0.078;15.10;     ;-22.6
049.5271;-34.4436;CT 638           ;03 18 06.5;-34 26 37; 0.266;15.10; 0.10;-25.3
049.7475;-44.2739;XMM J03189-4416  ;03 18 59.4;-44 16 26; 0.140;15.90;     ;-23.1
049.8017;+42.6453;G 03158+4227 G2  ;03 19 12.4;+42 38 43; 0.134;15.79;     ;-23.1
050.0883;-19.4419;MS 03180-1937    ;03 20 21.2;-19 26 31; 0.104;14.86; 1.04;-22.4
050.5587;-66.7850;MS 03215-6657    ;03 22 14.1;-66 47 06; 0.094;15.80;     ;-22.3
052.8117;-29.3528;HE 0329-2931     ;03 31 14.8;-29 21 10; 0.548;14.90;     ;-27.2
053.2792;-41.0339;HE 0331-4112     ;03 33 07.0;-41 02 02; 1.117;16.00;     ;-27.9
053.3279;+37.3031;IGR J03334+3718  ;03 33 18.7;+37 18 11; 0.055;13.50;     ;-23.3
053.5075;-61.5383;RXS J03340-6132  ;03 34 01.8;-61 32 18; 0.176;16.00;     ;-23.6
053.6992;-56.2536;IRAS 03335-5625  ;03 34 47.8;-56 15 13; 0.078;14.90;     ;-22.8
054.2379;-35.5067;NGC 1387         ;03 36 57.1;-35 30 24; 0.056;11.93; 1.03;-24.0
054.5967;-45.1800;RXS J03383-4510  ;03 38 23.2;-45 10 48; 0.119;14.97;     ;-23.6
057.3687;-53.7464;EUVE J0349-537   ;03 49 28.5;-53 44 47; 0.130;15.70;     ;-23.1
057.7471;-52.6764;CTS H27.03       ;03 50 59.3;-52 40 35; 1.541;15.70;     ;-28.9
058.7912;-39.1742;HE 0353-3919     ;03 55 09.9;-39 10 27; 1.001;15.60;     ;-28.1
058.8054;-54.8658;RXS J03552-5451  ;03 55 13.3;-54 51 57; 0.269;15.70;     ;-24.9
058.9992;-61.0750;RXS J03559-6104  ;03 55 59.8;-61 04 30; 0.227;15.80;     ;-24.4
059.5779;-61.4019;IRAS 03575-6132  ;03 58 18.7;-61 24 07; 0.047;14.20;     ;-22.3
060.2779;-16.1108;NPM1G-16.0168    ;04 01 06.7;-16 06 39; 0.031;10.16;     ;-24.8
060.3596; -8.0333;RXS J04014-0801  ;04 01 26.3;-08 02 00; 0.147;14.59;     ;-24.5
061.8162;-53.5519;HE 0406-5341     ;04 07 15.9;-53 33 07; 0.545;15.90;     ;-26.2
061.9521;-12.1933;PKS 0405-12      ;04 07 48.5;-12 11 36; 0.574;14.86; 0.23;-27.1
062.7533;-49.9486;HE 0409-5004     ;04 11 00.8;-49 56 55; 0.817;16.00;     ;-27.2
063.1729;-47.2131;RXS J04127-4712  ;04 12 41.5;-47 12 47; 0.132;15.90;     ;-22.9
063.3438;+23.7261;1WGA J0413.4+2343;04 13 22.5;+23 43 34; 0.309;15.60;     ;-25.2
064.3196; -5.8958;3C 110           ;04 17 16.7;-05 53 45; 0.773;15.94; 0.30;-26.6
066.5033;-57.2003;LB 1727          ;04 26 00.8;-57 12 01; 0.104;13.20;     ;-25.2
067.1292;-17.5756;RXS J04285-1734  ;04 28 31.0;-17 34 32; 0.205;15.60;     ;-24.3
069.5425;-26.1436;HE 0436-2614     ;04 38 10.2;-26 08 37; 0.690;15.10;     ;-27.6
070.8363;-28.3478;HE 0441-2826     ;04 43 20.7;-28 20 52; 0.155;14.40;     ;-24.9
071.0167;-22.4128;NPM1G-22.0111    ;04 44 04.0;-22 24 46; 0.076;14.94;     ;-22.6
071.6562;-34.7294;CTS A29.01       ;04 46 37.5;-34 43 46; 0.181;16.00;     ;-23.6
071.7900;-26.9600;IRAS 04451-2702  ;04 47 09.6;-26 57 36; 0.114;15.70;     ;-22.9
071.9783; -3.3786;RXS J04479-0322  ;04 47 54.8;-03 22 43; 0.774;15.94;     ;-26.9
073.1254;-29.8931;IRAS 04505-2958  ;04 52 30.1;-29 53 35; 0.286;13.60;     ;-27.1
073.7446;+69.8292;SNU J04549+6949  ;04 54 58.7;+69 49 45; 0.140;15.20;     ;-23.2
074.7108;-19.1011;RXS J04588-1906  ;04 58 50.6;-19 06 04; 0.062;14.52;     ;-22.6
076.0508;-22.6619;HE 0502-2243     ;05 04 12.2;-22 39 43; 1.377;16.00;     ;-28.3
076.0792;-29.7442;HE 0502-2948     ;05 04 19.0;-29 44 39; 0.552;14.20;     ;-28.0
076.8837;-51.0711;MS 05063-5108    ;05 07 32.1;-51 04 16; 0.522;16.00;     ;-25.9
078.4683; +1.9528;4C 01.13         ;05 13 52.4;+01 57 10; 0.084;14.80;     ;-22.4
079.2817;-44.1822;HE 0515-4414     ;05 17 07.6;-44 10 56; 1.713;14.90;     ;-29.8
083.6292;-60.2708;RXS J05345-6016  ;05 34 31.0;-60 16 15; 0.057;14.46;     ;-22.5
084.0887;-51.7356;RXS J05363-5144  ;05 36 21.3;-51 44 08; 0.113;14.69;     ;-23.8
084.3279;-44.7181;RXS J05373-4443  ;05 37 18.7;-44 43 05; 0.099;14.19;     ;-24.0
086.2329;-26.8631;NVSS J05449-2651 ;05 44 55.9;-26 51 47; 0.134;15.70;     ;-22.6
088.0017;-53.2122;CTS H34.02       ;05 52 00.4;-53 12 44; 1.590;15.10;     ;-29.5
088.1025;-64.0364;PKS 0552-640     ;05 52 24.6;-64 02 11; 0.680;15.04;     ;-27.5
088.6967;+66.3453;SNU J05547+6620  ;05 54 47.2;+66 20 43; 0.186;14.50;     ;-24.6
089.2675;-50.1394;IRAS 05558-5008  ;05 57 04.2;-50 08 22; 0.355;15.90;     ;-25.3
089.3108;-53.9539;CTS H34.03       ;05 57 14.6;-53 57 14; 0.097;15.80;     ;-22.3
089.9475;-50.4475;PKS 0558-504     ;05 59 47.4;-50 26 51; 0.137;14.97; 0.21;-23.7
093.3367;-32.6983;IRAS 06115-3240  ;06 13 20.8;-32 41 54; 0.050;14.10;     ;-22.6
095.7821;-64.6053;IRAS L06229-6434 ;06 23 07.7;-64 36 19; 0.129;14.80;     ;-24.0
095.9800; +0.3119;SNU J06239+0018  ;06 23 55.2;+00 18 43; 0.094;14.80;     ;-22.7
097.5108;+69.0842;HS 0624+6907     ;06 30 02.6;+69 05 03; 0.370;14.16; 0.48;-26.6
098.9437;-75.2714;PKS 0637-75      ;06 35 46.5;-75 16 17; 0.651;15.75; 0.33;-26.4
099.1067;-68.8061;IRAS 06367-6845  ;06 36 25.6;-68 48 22; 0.336;16.00;     ;-25.1
099.2187; -8.1800;SNU J06368-0810  ;06 36 52.5;-08 10 48; 0.233;15.70;     ;-23.9
101.0454;+35.7789;SNU J06441+3546  ;06 44 10.9;+35 46 44; 0.077;14.30;     ;-22.7
102.2350;+35.3683;SNU J06489+3522  ;06 48 56.4;+35 22 06; 0.119;15.80;     ;-22.2
103.7917;+41.0028;NPM1G+41.0135    ;06 55 10.0;+41 00 10; 0.022; 9.37;     ;-24.8
106.3725;+63.5592;MS 07007+6338    ;07 05 29.4;+63 33 33; 0.152;14.51;     ;-24.6
106.8046;+64.5997;VII Zw 118       ;07 07 13.1;+64 35 59; 0.079;14.61; 0.68;-22.4
107.5604;+13.2597;SNU J07102+1315  ;07 10 14.5;+13 15 35; 0.141;15.80;     ;-22.6
108.0650;+15.6583;SNU J07122+1539  ;07 12 15.6;+15 39 30; 0.166;15.30;     ;-23.5
108.2892;+36.9353;B2 0709+37       ;07 13 09.4;+36 56 07; 0.487;15.49; 0.17;-26.1
111.6475;+37.0006;KUV 07232+3706   ;07 26 35.4;+37 00 02; 0.190;15.80;     ;-23.9
113.0779;+61.9850;HS 0727+6205     ;07 32 18.7;+61 59 06; 0.325;15.54;     ;-25.4
115.9667;+27.2108;FIRST J07438+2712;07 43 52.0;+27 12 39; 0.252;16.00; 0.20;-24.2
116.4233;+31.7156;B2 0742+31       ;07 45 41.6;+31 42 56; 0.462;15.97; 0.13;-25.6
116.6075;+24.8169;SDSS J07464+2449 ;07 46 25.8;+24 49 01; 2.979;15.46; 0.73;-30.1
116.6237;+65.6694;RXS J07466+6540  ;07 46 29.7;+65 40 10; 0.262;15.80;     ;-24.6
116.9967;+20.8739;RXS J07479+2052  ;07 47 59.2;+20 52 26; 0.156;16.00; 0.42;-22.8
117.3021;+55.8758;2MASS J07491+5552;07 49 12.5;+55 52 33; 0.124;14.70;     ;-23.4
117.7533; +3.3444;IRAS 07483+0328  ;07 51 00.8;+03 20 40; 0.099;15.20;     ;-23.0
119.5004;+39.3414;B3 0754+394      ;07 58 00.1;+39 20 29; 0.096;14.36; 0.38;-23.4
122.2192;+62.8772;IRAS 08045+6301  ;08 08 52.6;+62 52 38; 0.070;14.60;     ;-22.8
122.7437;+76.0453;PG 0804+761      ;08 10 58.5;+76 02 43; 0.100;14.71; 0.32;-23.2
126.3033;+60.1986;RXS J08252+6011  ;08 25 12.8;+60 11 55; 0.120;15.80;     ;-22.8
126.9175; +9.7022;1WGA J0827.6+0942;08 27 40.2;+09 42 08; 0.260;15.50;     ;-24.9
127.9233;+52.7550;APM 08279+5255   ;08 31 41.6;+52 45 18; 3.911;15.20;     ;-31.0
128.3362;-25.1597;IRAS 08311-2459  ;08 33 20.7;-25 09 35; 0.100;14.70;     ;-23.5
128.8996;+24.9947;PG 0832+251      ;08 35 35.9;+24 59 41; 0.331;16.00; 0.30;-24.7
129.2454;+44.4339;US 1329          ;08 36 58.9;+44 26 02; 0.254;15.77; 0.27;-24.3
129.9608;-12.2428;PKS 0837-12      ;08 39 50.6;-12 14 34; 0.198;15.76; 0.02;-24.0
131.9271;+34.7514;PG 0844+349      ;08 47 42.5;+34 45 05; 0.064;14.50; 0.33;-22.4
132.5096;+70.3017;Q J08500+701     ;08 50 02.3;+70 18 06; 1.900;16.00;     ;-28.8
132.5158;+50.5419;IRAS F08464+5043 ;08 50 03.8;+50 32 31; 0.200;15.60;     ;-24.2
134.7621;+48.7692;RXS J08590+4846  ;08 59 02.9;+48 46 09; 0.083;15.31; 0.18;-22.3
139.0396;-62.3247;IRAS 09149-6206  ;09 16 09.5;-62 19 29; 0.057;13.55; 0.52;-22.9
141.3496;-10.3317;NVSS J09253-1019 ;09 25 23.9;-10 19 54; 0.077;14.30;     ;-22.2
141.4779;+19.9011;PG 0923+201      ;09 25 54.7;+19 54 04; 0.190;15.89; 0.13;-23.6
143.7608;+43.5197;PG 0931+437      ;09 35 02.6;+43 31 11; 0.456;15.93;-0.01;-25.7
146.0413; -1.8542;IRAS 09415-0137  ;09 44 09.9;-01 51 15; 0.112;14.90;     ;-22.5
146.9408;-21.9297;CTS J01.11       ;09 47 45.8;-21 55 47; 0.320;16.00;     ;-25.0
148.8883;+69.0653;NGC 3031         ;09 55 33.2;+69 03 55; 0.000;11.63; 1.12;
149.2179;+41.2564;PG 0953+415      ;09 56 52.3;+41 15 23; 0.239;15.32;-0.03;-24.9
149.5871;+32.4006;3C 232           ;09 58 20.9;+32 24 02; 0.530;15.78; 0.10;-26.1
150.4554;+14.6897;SDSS J10018+1441 ;10 01 49.3;+14 41 23; 2.118;15.73; 0.28;-29.1
150.5004;-44.6319;PKS 0959-443     ;10 02 00.1;-44 37 55; 0.837;15.10;     ;-28.2
150.7783;+68.2211;FBS 0959+685     ;10 03 06.8;+68 13 16; 0.773;15.92; 0.36;-26.6
151.8592;+12.8156;PG 1004+130      ;10 07 26.2;+12 48 56; 0.240;15.68; 0.13;-24.4
152.4262;-14.3417;HE 1007-1405     ;10 09 42.3;-14 20 30; 0.583;15.94; 0.19;-26.1
154.5654;-16.5525;HE 1015-1618     ;10 18 15.7;-16 33 09; 0.247;15.78; 0.22;-24.3
154.9858;+27.7339;TON   34         ;10 19 56.6;+27 44 02; 1.918;15.69; 0.37;-28.8
155.3954;-83.1133;IRAS 10227-8251  ;10 21 34.9;-83 06 48; 0.086;14.90;     ;-22.4
156.6417;+67.7700;1WGA J1026.4+6746;10 26 34.0;+67 46 12; 1.178;15.00;     ;-28.9
156.9946; -6.7989;RXS J10279-0647  ;10 27 58.7;-06 47 56; 0.116;14.35;     ;-24.2
157.9767;-14.2811;HE 1029-1401     ;10 31 54.4;-14 16 52; 0.086;13.86; 0.22;-23.8
158.0246;+32.6692;CSO   50         ;10 32 05.9;+32 40 09; 0.560;15.64;     ;-26.6
158.0587;+27.9333;7C 1029+2813     ;10 32 14.1;+27 56 00; 0.085;14.30;     ;-23.5
158.1504;-28.2239;MS 10302-2757    ;10 32 36.1;-28 13 26; 0.148;16.00;     ;-23.1
159.3512;-11.1989;RXS J10374-1111  ;10 37 24.3;-11 11 56; 0.053;14.42;     ;-22.3
159.6167; -8.1036;RXS J10384-0806  ;10 38 28.0;-08 06 13; 0.216;15.67;     ;-24.3
162.0092;-23.6328;HE 1045-2322     ;10 48 02.2;-23 37 58; 0.407;16.00;     ;-25.5
162.5729;-28.3983;IRAS 10479-2808  ;10 50 17.5;-28 23 54; 0.190;16.00;     ;-23.7
162.6471;+80.1978;HS 1046+8027     ;10 50 35.3;+80 11 52; 0.115;15.03;     ;-23.5
162.9646; -0.8547;PG 1049-005      ;10 51 51.5;-00 51 17; 0.357;15.78; 0.20;-25.2
163.2133;-27.4544;HE 1050-2711     ;10 52 51.2;-27 27 16; 0.208;15.83; 0.22;-23.8
163.2200;+57.4833;RX J10528+5729   ;10 52 52.8;+57 29 00; 0.204;15.30;     ;-24.0
165.8579;+38.2028;HXMM J11034+3812 ;11 03 25.9;+38 12 10; 0.070;14.40;     ;-22.4
166.0575;+76.9828;3C 249.1         ;11 04 13.8;+76 58 58; 0.313;15.72;-0.02;-25.1
166.3417;+38.2339;HXMM J11053+3814 ;11 05 22.0;+38 14 02; 0.028;11.30;     ;-23.5
166.4158;+34.4264;CSO  314         ;11 05 39.8;+34 25 35; 0.510;15.89; 0.13;-25.8
166.8129;+16.4675;MC 1104+167      ;11 07 15.1;+16 28 03; 0.632;15.70; 0.21;-26.5
167.2212;-23.6364;HE 1106-2321     ;11 08 53.1;-23 38 11; 0.081;14.82; 0.59;-22.3
169.7867;+21.3217;PG 1116+215      ;11 19 08.8;+21 19 18; 0.177;14.72; 0.13;-24.7
170.2850;+34.9225;CG  825          ;11 21 08.4;+34 55 21; 0.040;13.19;     ;-22.9
171.8833;-30.7458;HE 1125-3028     ;11 27 32.0;-30 44 45; 0.673;15.89; 0.28;-26.3
171.8983;-37.9539;NVSS J11275-3757 ;11 27 35.6;-37 57 14; 0.057;12.98;     ;-24.0
172.3767;-19.6836;HE 1127-1924     ;11 29 30.4;-19 41 01; 0.918;15.62;     ;-27.7
173.8958; -3.7339;TGN172Z242       ;11 35 35.0;-03 44 02; 1.160;15.66; 0.48;-27.7
173.9425; -9.6328;RXS J11357-0937  ;11 35 46.2;-09 37 58; 0.102;14.91;     ;-23.3
174.0554;-37.7561;NVSS J11362-3745 ;11 36 13.3;-37 45 22; 0.032;12.60;     ;-23.1
177.8354;+54.6258;PG 1148+549      ;11 51 20.5;+54 37 33; 0.978;15.78; 0.25;-27.5
178.5433;+12.4194;CGRaBS J1154+1225;11 54 10.4;+12 25 10; 0.081;14.69;     ;-22.5
179.8829;+29.2458;4C 29.45         ;11 59 31.9;+29 14 45; 0.729;14.41; 0.39;-27.9
180.9487;+52.1306;SBS 1201+524     ;12 03 47.7;+52 07 50; 0.177;15.89; 0.17;-23.5
181.1754;+27.9033;GQ COM           ;12 04 42.1;+27 54 12; 0.165;15.60; 0.04;-23.7
182.2417;+45.6767;PG 1206+459      ;12 08 58.0;+45 40 36; 1.155;15.70; 0.30;-27.8
183.4429;-13.6478;HE 1211-1322     ;12 13 46.3;-13 38 52; 1.125;15.59; 0.44;-27.8
183.5737;+14.0536;PG 1211+143      ;12 14 17.7;+14 03 13; 0.082;14.19; 0.27;-23.3
184.6458; -1.3317;PKS 1216-010     ;12 18 35.0;-01 19 54; 0.554;15.64; 0.53;-25.9
184.7867; -1.8081;MARK 1320        ;12 19 08.8;-01 48 29; 0.103;15.00;     ;-23.3
184.8371; +6.6439;PG 1216+069      ;12 19 20.9;+06 38 38; 0.334;15.65;     ;-25.3
185.0496; +2.0617;PKS 1217+02      ;12 20 11.9;+02 03 42; 0.240;15.97; 0.18;-24.1
186.8537;-11.5597;Q 1224-1116      ;12 27 24.9;-11 33 35; 1.979;15.40;     ;-29.5
187.1033;+31.4772;B2 1225+31       ;12 28 24.8;+31 28 38; 2.219;15.87; 0.28;-29.0
187.2779; +2.0522;3C 273.0         ;12 29 06.7;+02 03 08; 0.158;12.85; 0.20;-26.2
187.7075;-27.7606;NVSS J12308-2745 ;12 30 49.8;-27 45 38; 0.132;15.80;     ;-22.5
187.7083; +1.2558;RX J12308+0115   ;12 30 50.0;+01 15 21; 0.118;14.42; 0.02;-24.1
187.9021;+70.7372;FBS 1229+710     ;12 31 36.5;+70 44 14; 0.208;15.66;     ;-24.2
190.0800; -3.8222;RXS J12403-0349  ;12 40 19.2;-03 49 20; 0.090;15.00;     ;-23.0
190.8946; -6.2225;PKS 1240-059     ;12 43 34.7;-06 13 21; 0.139;16.00;     ;-22.9
191.7996;-18.5997;HE 1244-1819     ;12 47 11.9;-18 35 59; 1.041;15.80;     ;-27.9
192.5237;+26.5186;PG 1247+268      ;12 50 05.7;+26 31 07; 2.042;15.92; 0.20;-28.9
192.8700;+29.2572;KUV 12491+2932   ;12 51 28.8;+29 15 26; 1.160;15.97; 0.29;-27.6
193.6504;-12.5633;3C 278           ;12 54 36.1;-12 33 48; 0.016;11.60;     ;-22.6
193.7825;+78.6208;NPM1G+78.0053    ;12 55 07.8;+78 37 15; 0.043;12.90;     ;-23.4
194.1062;-21.9222;CGRaBS J1256-2155;12 56 25.5;-21 55 20; 0.129;15.90;     ;-22.3
195.3037;+59.0353;PG 1259+593      ;13 01 12.9;+59 02 07; 0.472;15.89; 0.15;-25.7
195.9275;-24.2447;NVSS J13037-2414 ;13 03 42.6;-24 14 41; 0.127;15.70;     ;-22.5
196.3875;-10.5556;PKS 1302-102     ;13 05 33.0;-10 33 20; 0.286;15.23;-0.05;-25.4
196.5554;+39.2572;FIRST J13062+3915;13 06 13.3;+39 15 26; 0.447;15.71;     ;-25.9
196.8242;+34.3561;IRAS 13049+3437  ;13 07 17.8;+34 21 22; 0.222;15.00;     ;-25.0
197.4458; +8.3297;PG 1307+085      ;13 09 47.0;+08 19 47; 0.155;15.89; 0.15;-23.2
197.6196;+32.3456;B2 1308+32       ;13 10 28.7;+32 20 44; 0.997;15.24; 0.37;-27.9
198.0737;+35.2556;PG 1309+355      ;13 12 17.7;+35 15 20; 0.184;15.64;     ;-24.0
198.3392;+78.3647;HS 1312+7837     ;13 13 21.4;+78 21 53; 2.000;15.84;     ;-29.2
199.4367;-14.2822;CTS R13.07       ;13 17 44.8;-14 16 56; 0.430;15.52; 0.22;-25.8
199.9837;+27.4694;CSO  873         ;13 19 56.1;+27 28 10; 1.014;15.98; 0.14;-27.5
200.9567;+65.6967;PG 1322+659      ;13 23 49.6;+65 41 48; 0.168;15.84; 0.17;-23.4
201.3300;-38.4150;IRAS 13224-3809  ;13 25 19.2;-38 24 54; 0.065;13.80;     ;-23.5
202.2808;-22.6353;NVSS J13291-2238 ;13 29 07.4;-22 38 07; 0.125;15.90;     ;-22.2
204.3283;+24.3844;IRAS 13349+2438  ;13 37 18.8;+24 23 04; 0.107;15.00;     ;-23.4
204.4212;-35.9672;NVSS J13376-3558 ;13 37 41.1;-35 58 02; 0.123;15.50;     ;-22.6
204.5617;-25.7031;NVSS J13382-2542 ;13 38 14.8;-25 42 11; 0.113;15.70;     ;-22.2
206.8308;+59.0425;SBS 1345+592     ;13 47 19.4;+59 02 33; 0.768;15.74; 0.21;-26.9
207.2633;-11.1667;CGRaBS J1349-1110;13 49 03.2;-11 10 00; 0.141;15.85;     ;-22.6
208.3154;+63.7628;PG 1351+64       ;13 53 15.7;+63 45 46; 0.087;14.28; 0.26;-23.3
209.6000; +2.2286;SDSS J13583+0213 ;13 58 24.0;+02 13 43; 0.957;15.88; 0.22;-27.4
209.7508;-41.8814;PKS 1355-41      ;13 59 00.2;-41 52 53; 0.313;15.86;-0.10;-25.1
211.1617;+43.4522;CSO  409         ;14 04 38.8;+43 27 08; 0.320;15.76; 0.36;-24.8
211.3175;+25.9261;PG 1402+261      ;14 05 16.2;+25 55 34; 0.165;15.34; 0.08;-23.9
212.3496;+26.3058;PG 1407+265      ;14 09 23.9;+26 18 21; 0.945;15.74; 0.33;-27.4
213.4512;+44.0039;PG 1411+442      ;14 13 48.3;+44 00 14; 0.089;14.01;     ;-23.9
214.2329;-25.4039;CTS M16.11       ;14 16 55.9;-25 24 14; 0.236;15.71; 0.00;-24.5
214.2650;-46.6947;IGR J14175-4641  ;14 17 03.6;-46 41 41; 0.076;14.50;     ;-23.1
214.5808;-21.1867;RXS J14183-2111  ;14 18 19.4;-21 11 12; 0.108;14.13;     ;-24.3
214.6571;+37.7731;WENSS 1416+380   ;14 18 37.7;+37 46 23; 0.135;14.50;     ;-24.4
216.1587;+22.9336;B 1422+231       ;14 24 38.1;+22 56 01; 3.620;15.84; 0.93;-30.7
216.8542;+19.8308;MARK  813        ;14 27 25.0;+19 49 51; 0.111;15.27; 0.15;-23.0
216.8987;+26.5372;B2 1425+26       ;14 27 35.7;+26 32 14; 0.366;15.68; 0.20;-25.3
217.2771; +1.2844;MARK 1383        ;14 29 06.5;+01 17 04; 0.086;14.87; 0.34;-22.7
218.3679;-36.6219;NVSS J14334-3637 ;14 33 28.3;-36 37 19; 0.078;13.96;     ;-23.7
219.2075;-16.2281;HE 1434-1600     ;14 36 49.8;-16 13 41; 0.144;15.55; 0.26;-23.2
219.4508; -1.7864;Q 1435-0134      ;14 37 48.2;-01 47 11; 1.310;15.78; 0.33;-28.0
220.5312;+35.4397;MARK  478        ;14 42 07.5;+35 26 23; 0.077;14.58; 0.33;-22.7
222.7867;+27.1575;PG 1448+273      ;14 51 08.8;+27 09 27; 0.065;15.01;     ;-22.2
222.8875;-36.4322;WPVS 95          ;14 51 33.0;-36 25 56; 0.028;12.30;     ;-23.2
223.6775;-83.0161;IRAS 14459-8248  ;14 54 42.6;-83 00 58; 0.114;14.30;     ;-24.3
223.9708;-35.8061;WPVS 97          ;14 55 53.0;-35 48 22; 0.035;12.00;     ;-24.0
224.3708; +8.5728;RXS J14574+0834  ;14 57 29.0;+08 34 22; 0.167;15.00;     ;-24.4
224.8700;-18.1792;CGRaBS J1459-1810;14 59 28.8;-18 10 45; 0.235;13.14;     ;-26.4
225.6971;-19.1244;CTS J17.17       ;15 02 47.3;-19 07 28; 0.114;15.90;     ;-22.6
229.2217;+19.0133;2MASS J15168+1900;15 16 53.2;+19 00 48; 0.190;15.80;     ;-23.9
229.8400;+65.5778;MCG +11.19.005   ;15 19 21.6;+65 34 40; 0.044;13.90;     ;-22.4
230.4854;+52.0439;SDSS J15219+5202 ;15 21 56.5;+52 02 38; 2.208;15.70; 0.32;-29.1
230.6200; -6.7447;MS 15198-0633    ;15 22 28.8;-06 44 41; 0.083;14.90; 0.30;-22.6
234.8950;+47.5919;PG 1538+477      ;15 39 34.8;+47 35 31; 0.772;15.81;     ;-27.1
235.1225; +8.0850;PKS 1538+082     ;15 40 29.4;+08 05 06; 0.125;15.92;     ;-22.2
240.9083;+15.9008;TEX 1601+160     ;16 03 38.0;+15 54 03; 0.109;13.97;     ;-24.4
241.2308;+38.2003;HS 1603+3820     ;16 04 55.4;+38 12 01; 2.510;15.99; 0.38;-29.3
242.0854;+60.3078;RXS J16083+6018  ;16 08 20.5;+60 18 28; 0.178;16.00;     ;-23.5
243.4883;+65.7194;MARK  876        ;16 13 57.2;+65 43 10; 0.129;15.49; 0.54;-22.7
245.0467;+17.4078;MARK  877        ;16 20 11.2;+17 24 28; 0.114;15.39; 0.40;-22.7
246.6900;+64.4486;HS 1626+6433     ;16 26 45.6;+64 26 55; 2.320;15.80;     ;-29.6
246.9842;+55.3756;PG 1626+554      ;16 27 56.2;+55 22 32; 0.132;15.68; 0.11;-23.0
247.1596;+39.5514;NGC 6166         ;16 28 38.3;+39 33 05; 0.030;12.78;     ;-22.7
247.9171;+58.6322;RXS J16316+5838  ;16 31 40.1;+58 37 56; 0.141;15.80;     ;-23.2
248.1442;+73.9953;RXS J16325+7359  ;16 32 34.6;+73 59 43; 0.208;15.14;     ;-24.7
248.2612;+23.8244;HS 1630+2355     ;16 33 02.7;+23 49 28; 0.822;15.67; 0.27;-27.2
248.6208;+70.5258;PG 1634+706      ;16 34 29.0;+70 31 33; 1.337;15.27;     ;-29.0
248.9675;+71.4817;7C 1636+7134     ;16 35 52.2;+71 28 54; 0.171;15.84;     ;-23.6
255.3542;+51.8222;PG 1700+518      ;17 01 25.0;+51 49 20; 0.292;15.12; 0.37;-25.2
255.6296;+32.7889;RXS J17025+3247  ;17 02 31.1;+32 47 20; 0.164;15.98; 0.21;-23.1
256.1729;+60.7411;3C 351.0         ;17 04 41.5;+60 44 28; 0.371;15.40; 0.25;-25.6
256.5546;+72.6561;RXS J17061+7239  ;17 06 13.1;+72 39 22; 0.123;14.73;     ;-24.0
257.4737;+67.8311;HS 1710+6753     ;17 09 53.7;+67 49 52; 0.410;15.94;     ;-25.5
259.3300;+42.4494;B3 1715+425      ;17 17 19.2;+42 26 58; 0.183;16.00;     ;-23.0
259.9096;+48.0703;PG 1718+481      ;17 19 38.3;+48 04 13; 1.083;14.60;     ;-29.1
259.9675; +8.2842;87GB 17174+0820  ;17 19 52.2;+08 17 03; 1.185;15.80;     ;-27.6
260.8367;+34.2997;B2 1721+34       ;17 23 20.8;+34 17 59; 0.206;15.46; 0.12;-24.3
262.0729;+72.8897;RXS J17282+7253  ;17 28 17.5;+72 53 23; 0.229;15.85;     ;-24.3
262.0829;-14.2656;PDS 456          ;17 28 19.9;-14 15 56; 0.184;14.03; 0.66;-24.9
262.3979;+52.5131;RX J17295+5230   ;17 29 35.5;+52 30 47; 0.278;15.96;     ;-24.7
264.1554;+72.0922;RXS J17366+7205  ;17 36 37.3;+72 05 32; 0.094;14.30;     ;-23.8
266.4096;+29.1394;SWIFT J17454+2906;17 45 38.3;+29 08 22; 0.110;14.20;     ;-24.2
267.7729;+26.9839;IRAS 17490+2659  ;17 51 05.5;+26 59 02; 0.145;15.80;     ;-23.4
267.8196;+50.7603;IRAS 17500+5046  ;17 51 16.7;+50 45 37; 0.300;14.96; 0.28;-25.5
268.7725;+65.3328;IPC 17549+6521   ;17 55 05.4;+65 19 58; 0.081;15.50;     ;-22.2
269.6721; -3.0664;NVSS J17586-0303 ;17 58 41.3;-03 03 59; 0.088;14.50;     ;-23.4
269.8562;+17.2536;SNU J17594+1715  ;17 59 25.5;+17 15 13; 0.145;16.00;     ;-22.5
270.1904;+78.4681;S5 1803+78       ;18 00 45.7;+78 28 05; 0.680;15.90;     ;-26.8
270.2879;+42.3622;IRAS 17596+4221  ;18 01 09.1;+42 21 44; 0.053;14.50;     ;-22.3
270.8704;+67.6361;KAZ 102          ;18 03 28.9;+67 38 10; 0.136;15.78; 0.26;-22.9
271.0371; +0.7061;RX J18040+0042   ;18 04 08.9;+00 42 22; 0.070;13.80;     ;-23.0
272.4912;-45.8781;PKS 1806-458     ;18 09 57.9;-45 52 41; 0.070;13.11;     ;-23.7
273.4500;+57.0689;IRAS 18130+5703  ;18 13 48.0;+57 04 08; 0.059;13.60;     ;-23.5
274.5433;+53.7294;HS 1817+5342     ;18 18 10.4;+53 43 46; 0.080;15.20;     ;-22.6
275.4883;+64.3433;KUV 18217+6419   ;18 21 57.2;+64 20 36; 0.297;14.24;-0.01;-26.5
277.5971;+73.2194;PGC 61965        ;18 30 23.3;+73 13 10; 0.123;15.50;     ;-23.2
283.2662;+27.8411;NPM1G+27.0587    ;18 53 03.9;+27 50 28; 0.062;14.34;     ;-22.9
284.6442;-78.1978;IRAS 18508-7815  ;18 58 34.6;-78 11 52; 0.161;15.70;     ;-23.7
285.3800;-39.1906;NVSS J19015-3911 ;19 01 31.2;-39 11 26; 0.058;13.30;     ;-22.6
293.8383;+53.2367;SNU J19353+5314  ;19 35 21.2;+53 14 12; 0.248;15.80;     ;-23.9
295.6429; -9.5267;NVSS J19425-0931 ;19 42 34.3;-09 31 36; 0.086;14.07;     ;-23.8
297.4312;+50.6922;87GB 19483+5033  ;19 49 43.5;+50 41 32; 1.929;15.50;     ;-28.9
300.5475;-33.7028;NVSS J20021-3342 ;20 02 11.4;-33 42 10; 0.050;13.96;     ;-22.8
301.6333;-15.6519;IRAS 20037-1547  ;20 06 32.0;-15 39 07; 0.192;16.00;     ;-23.7
310.6554;+75.1339;4C 74.26         ;20 42 37.3;+75 08 02; 0.104;15.13;     ;-23.2
311.0404;-10.7233;MARK  509        ;20 44 09.7;-10 43 24; 0.035;13.12; 0.23;-22.5
312.8983;+17.7267;PKS 2049+175     ;20 51 35.6;+17 43 36; 0.195;14.41;     ;-24.7
314.8050;-52.0056;ESO 235-IG26     ;20 59 13.2;-52 00 20; 0.051;13.60;     ;-23.1
314.8367;-31.7931;RXS J20593-3147  ;20 59 20.8;-31 47 35; 0.074;14.20;     ;-23.3
315.0054; -7.1931;SDSS J21000-0711 ;21 00 01.3;-07 11 35; 0.600;15.33; 0.14;-26.8
315.4000;-40.9975;RXS J21015-4059  ;21 01 36.0;-40 59 51; 0.084;14.35;     ;-23.4
315.9079; -4.9278;NPM1G-05.0589    ;21 03 37.9;-04 55 40; 0.058;14.56;     ;-22.4
316.9992;-37.9025;RXS J21079-3754  ;21 07 59.8;-37 54 09; 0.049;14.26;     ;-22.3
317.3825;+35.5492;PKS 2031+21      ;21 09 31.8;+35 32 57; 0.202;14.70;     ;-24.5
318.1875;-38.6714;RXS J21127-3840  ;21 12 45.0;-38 40 17; 0.143;14.97;     ;-24.1
318.7192; +6.1283;PG 2112+059      ;21 14 52.6;+06 07 42; 0.457;15.77; 0.29;-25.6
318.9637;-10.6894;RXS J21158-1041  ;21 15 51.3;-10 41 22; 0.062;14.51;     ;-22.6
321.1737;-17.7461;IRAS 21219-1757  ;21 24 41.7;-17 44 46; 0.113;14.50;     ;-24.0
323.2821; +1.4181;FIRST J21331+0125;21 33 07.7;+01 25 05; 0.750;15.51;     ;-27.3
324.4383;-14.5486;PKS 2135-14      ;21 37 45.2;-14 32 55; 0.200;15.53; 0.10;-24.2
324.9625; -8.0817;FIRST J21398-0804;21 39 51.0;-08 04 54; 0.051;13.39;     ;-23.3
325.2929;-26.7642;IRAS F21382-2659 ;21 41 10.3;-26 45 51; 0.129;14.60;     ;-24.2
325.8946;-25.0686;RXS J21435-2504  ;21 43 34.7;-25 04 07; 0.110;15.03;     ;-23.4
325.8979;+17.7303;OX 169           ;21 43 35.5;+17 43 49; 0.211;15.73; 0.18;-24.0
326.4408; -4.3011;IRAS 21431-0432  ;21 45 45.8;-04 18 04; 0.103;15.70;     ;-22.6
326.7508;-21.7233;RXS J21470-2143  ;21 47 00.2;-21 43 24; 0.086;14.72;     ;-23.2
327.4583;-44.7350;CTS C10.20       ;21 49 50.0;-44 44 06; 1.510;15.60;     ;-28.9
328.3296;-15.2367;1WGA J2153.3-1513;21 53 19.1;-15 14 12; 0.078;14.70;     ;-23.0
328.7125;-44.2347;RXS J21548-4414  ;21 54 51.0;-44 14 05; 0.344;15.80;     ;-25.3
328.7558; -9.3733;PHL 1811         ;21 55 01.4;-09 22 24; 0.192;13.90;     ;-25.8
329.1971;+22.7139;HS 2154+2228     ;21 56 47.3;+22 42 50; 1.290;15.30;     ;-28.9
329.8017; +9.8783;RXS J21592+0952  ;21 59 12.4;+09 52 42; 0.100;15.52;     ;-22.7
330.7308;-56.9939;MS 21595-5713    ;22 02 55.4;-56 59 38; 0.084;15.50;     ;-22.3
330.7983;-18.0283;Q 2200-1816      ;22 03 11.6;-18 01 42; 1.160;15.30;     ;-28.7
330.8121;+31.7606;B2 2201+31A      ;22 03 14.9;+31 45 38; 0.298;15.58; 0.27;-24.9
331.0879;+36.5436;CGRaBS J2204+3632;22 04 21.1;+36 32 37; 0.073;12.88;     ;-24.0
333.3733;-64.9194;RXS J22134-6455  ;22 13 29.6;-64 55 10; 0.071;14.51;     ;-22.9
334.0129;-17.7214;XMS J22160-1743  ;22 16 03.1;-17 43 17; 1.849;15.60;     ;-28.7
334.0196;-17.8717;XMS J22160-1752  ;22 16 04.7;-17 52 18; 1.319;15.60;     ;-28.0
334.2208;-44.8658;RXS J22169-4451  ;22 16 53.0;-44 51 57; 0.136;15.10;     ;-23.9
334.3008;+14.2392;MARK  304        ;22 17 12.2;+14 14 21; 0.067;14.66; 0.36;-22.3
335.8387; -8.9414;NVSS J22233-0856 ;22 23 21.3;-08 56 29; 0.084;14.80;     ;-22.4
340.4804;-44.0828;RXS J22418-4405  ;22 41 55.3;-44 04 58; 0.545;15.80;     ;-26.2
341.2975;-60.5653;IRAS 22419-6049  ;22 45 11.4;-60 33 55; 0.113;15.40;     ;-23.1
341.3350;-46.8700;RXS J22453-4652  ;22 45 20.4;-46 52 12; 0.201;14.80;     ;-25.0
342.0392;-68.0539;RXS J22481-6803  ;22 48 09.4;-68 03 14; 0.096;14.63;     ;-23.5
342.1717;-51.1650;2RE J2248-510    ;22 48 41.2;-51 09 54; 0.102;15.43; 0.17;-22.6
343.0333;+14.9136;KUV 22497+1439   ;22 52 08.0;+14 54 49; 0.135;15.93; 0.50;-22.5
343.5246;-17.5819;MR 2251-178      ;22 54 05.9;-17 34 55; 0.064;14.36; 0.63;-22.2
343.5437;+11.6106;PKS 2251+11      ;22 54 10.5;+11 36 38; 0.325;15.82; 0.20;-24.9
343.8542;-24.3083;Q 2252-2434      ;22 55 25.0;-24 18 30; 0.147;15.93; 0.40;-22.7
344.5775; -7.1189;RXS J22583-0707  ;22 58 18.6;-07 07 08; 0.215;15.80;     ;-24.2
344.8446;-50.5919;RXS J22593-5035  ;22 59 22.7;-50 35 31; 0.096;14.17;     ;-24.0
345.2167;-55.7625;RXS J23008-5545  ;23 00 52.0;-55 45 45; 0.142;15.05;     ;-24.0
345.4667;-55.1419;RXS J23018-5508  ;23 01 52.0;-55 08 31; 0.140;15.60;     ;-23.5
346.1875; +3.1961;PG 2302+029      ;23 04 45.0;+03 11 46; 1.052;15.80;     ;-27.5
346.9075;-22.7178;2E 2304-2258     ;23 07 37.8;-22 43 04; 0.193;15.30;     ;-24.5
347.8237;+10.1375;4C 09.72         ;23 11 17.7;+10 08 15; 0.432;16.00; 0.15;-25.4
350.4621;-70.4458;RXS J23218-7026  ;23 21 50.9;-70 26 45; 0.300;16.00;     ;-24.8
350.9125; +9.1475;RXS J23236+0908  ;23 23 39.0;+09 08 51; 0.068;14.80;     ;-22.6
351.4771;+21.8878;RXS J23259+2153  ;23 25 54.5;+21 53 16; 0.120;15.90;     ;-22.7
354.8054;-55.3969;HE 2336-5540     ;23 39 13.3;-55 23 49; 1.354;15.67;     ;-28.5
356.6542; +9.5125;PKS 2344+09      ;23 46 37.0;+09 30 45; 0.673;15.97; 0.26;-26.3
358.2417; +3.3378;RXS J23529+0320  ;23 52 58.0;+03 20 16; 0.086;14.30;     ;-23.6
359.2529;-34.7592;PKS 2354-35      ;23 57 00.7;-34 45 33; 0.049;13.90;     ;-22.7
359.4742;+13.4025;RXS J23578+1324  ;23 57 53.8;+13 24 09; 0.115;15.80;     ;-22.7
359.9971; +8.5650;RXS J23599+0833  ;23 59 59.3;+08 33 54; 0.084;15.40;     ;-22.4
