{
  "addons": {
    "authors": [
      {
        "url": "http://stellarium.org",
        "name": "Stellarium developers",
        "email": "stellarium-pubdevel@lists.sourceforge.net"
      }
    ],
    "description": "Catalog of add-ons.",
    "licence": "GPL2+",
    "title": "Add-ons 0.90",
    "date": "2017.09.10",
    "download-url": "http://dss.stellarium.org/addon/0.90.zip",
    "license-url": "http://www.gnu.org/licenses/gpl.html",
    "supported": [
      "0.90"
    ],
    "type": "addon_catalog",
    "download-filename": "0.90.zip"
  }
}